idProducto;codProducto;nombre;stock;idSubcategoria;idCategoria
1;A0103;ANESTESIA ANESCART FORTR X50.;331;1;1
2;A0111;ANESTESIA KLEPP TOPICAL;130;1;1
3;4;ANESTESIA MUCO-ANESTYL GEL 50G;373;1;1
4;A0107;ANESTESIA SCANDONEST 3% S.V.C.;246;1;1
5;245;ANESTESIA SPRAY INDICAN;106;1;1
6;69;ANESTESIA TOTALCAINA X 50;449;1;1
7;A4;INDICAN GEL;62;1;1
8;1;XYLOCAINA DENTSPLY X 50;381;1;1
9;C1485;AGUJAS C/HILO KEEPER;461;1;2
10;A1485;AGUJAS CON HILO;409;1;2
11;A0203;AGUJAS NIPRO/MISAWA/DELTAJET;307;1;2
12;196;ALGODON EN ROLLOS X 2;182;2;2
13;A1531;ALGODON PAROTISROLL ROEKOLIMPI;275;2;2
14;B202;APLICADORES DESC. X 100;261;3;2
15;A1462;APLICADORES INTRAORAL 3M X96 E;468;3;2
16;B363;APLICADORES X 25 MICROBRUSH;121;3;2
17;A1468;BABEROS COMPRESAS X 125 CROSS;137;4;2
18;A1476;BABEROS LISOS X 100;89;4;2
19;B206;BARBIJO 3M. MASCARILLA;22;4;2
20;A1466;BARBIJOS CROSSTEX X 50;1;5;2
21;A1427;BARBIJOS PAQUETE X 50;328;5;2
22;E205;BOLSAS AUTOCLAVE 30X46 X 100;354;6;2
23;D205;BOLSAS P/ESTERILIZAR BANDEJA;148;6;2
24;B154;CADENAS P/ BABEROS NI¥OS;270;4;2
25;154;CADENAS P/BABEROS METALICA;62;4;2
26;A846;CANULA DE ACERO;435;6;2
27;846;CANULAS CROSSTEX X 100;147;6;2
28;C1463;CEPILLITOS ULTABRUSH C/MANGO;83;6;2
29;B205;COMPRESAS X 100;324;2;2
30;A205;COMPRESAS X100 QUALITY;355;2;2
31;B212;CUBETAS P/FLUOR TERG.;414;6;2
32;C0205;DESCARTADOR AGUJAS A BOTON;67;1;2
33;B0205;DESCARTADOR DE AGUJAS;465;1;2
34;B1476;EQUIPO ODONT. DESC. P/CIRUGIA;430;7;2
35;C1476;EQUIPO P/IMPLANTE BLANCO;144;7;2
36;D1476;EQUIPO P/IMPLANTE AZUL;4;7;2
37;199;EYECTORES DESCARTABLES X 100;49;6;2
38;A199;EYECTORES ESPIRALADOS;280;6;2
39;A1401;GASA EN TROZOS 1/2K. IRREGULAR;359;2;2
40;A1404;GOMA DIQUE DENSELL;458;6;2
41;A1443;GOMA DIQUE NACIONAL;80;6;2
42;572;GUANTES DE NITRILO;312;8;2
43;A570;GUANTES ESTERILES;263;8;2
44;570;GUANTES PRIMEX/DENSELL S/TALCO;187;8;2
45;571;GUANTES VICTORIA LISO;328;8;2
46;161;HILO SUTURA NEGRO FARMADENTAL;134;1;2
47;219;HOJAS BISTURI N¥15 IMPORTADAS;199;1;2
48;A219;HOJAS DE BISTURI N¥ 15 XINDA;499;1;2
49;A1482;KIT DESC. ESPEJO EXPLORADOR;223;6;2
50;E1446;LABIA-EX ABRE LABIOS;213;6;2
51;B846;MIRASUCTO PTA. DE ASPIRACION;93;6;2
52;A1463;PINCELES DESCARTABLES X 50;376;6;2
53;C846;POLIMATIC PTAS. ASPIRACION;456;6;2
54;D846;POLYSUC ASPIRACION REDONDA;470;6;2
55;B502;PUNTAS ORAL TIPS X 48;332;6;2
56;B1340;REP. TOALLAS CLEAN-UP;215;6;2
57;A0006;ROLLO P/ESTERILIZAR X 15CM.;39;2;2
58;A0007;ROLLO P/ESTERILIZAR X 20 CM.;27;2;2
59;C1440;SOTENEDORES ROLLOS ALG. MET.;432;2;2
60;A1407;TIRAS ACETATO GABRICEL;259;6;2
61;150;TIRAS DE ACERO P/AMALGAMA DMG;217;6;2
62;A1423;TIRAS P/PULIR COMP.NOWET X 100;481;6;2
63;A1020;ABSOLUTE DENTIN PARKELL;405;7;3
64;A19;ACIDO COLTENE JER. 2.5 ML.;411;1;3
65;B244;ACIDO FLUORIDRICO;13;1;3
66;A244;ACIDO JER. X 2 O 3 GRS;100;1;3
67;244;ACONDIC. JERINGA ACIDO X 12 GS;499;7;3
68;A1041;ADH.TE ECONOM X5ML.;261;2;3
69;C1044;ADHESIVO ADPER EASY ONE 3M.;185;2;3
70;A1075;ADHESIVO DE FOTO ONE COAT BOND;362;2;3
71;B1073;ADHESIVO EASYBOND-ONE STEP;139;2;3
72;841;ADHESIVO MULTIPROPOSITO;303;2;3
73;442;ADHESIVO OPTIBOND S KERR;182;2;3
74;346;ADHESIVO PRIMA&BOND X 4ML.;479;2;3
75;B1044;ADHESIVO SINGLE BOND II X 3ML.;464;2;3
76;181;ALEACION CONTOUR KERR 30 GRS.;23;3;3
77;74;ALEACION EXIDENT X30 GRS.;150;3;3
78;75;AMALGAMA BELKYS;344;3;3
79;188;AMALGAMA CAP.X 10;242;3;3
80;B182;AMALGAMA NU ALLOY X 80;228;3;3
81;277;BARNIZ BAXIM. X 20ML.DICKINSON;254;2;3
82;D0010;BIOCLIP FOTO C/U JER. TEMPORAL;276;2;3
83;A1052;C0MP. JER. FILTEK Z250 3M;244;2;3
84;A1067;CEMENTO ARC CLIKER REFILL 3M.;481;2;3
85;A0300;CEMENTO C&B BISCO AUTO;199;2;3
86;A301;CEMENTO DUAL ALLCEM FGM. X5GRS;437;2;3
87;A300;CEMENTO DUAL DUOLINK;464;2;3
88;B0300;CEMENTO RESINA DUAL VENTURA JE;139;2;3
89;B0312;CEMENTO TEMP.TEMP-BOND;215;2;3
90;B306;COMP. FLUIDO BISCO- AELITEFLOW;54;2;3
91;A1053;COMP. JER. FILTEK P60 3M;405;2;3
92;A1083;COMP. SER. BIOFIX P/ BRAQUETES;463;2;3
93;A1021;COMP. TETRIC CERAM. JER. X 4GR;346;2;3
94;A1016;COMP. Z 100 JER X 4 GRS.;56;2;3
95;D0008;COMPOSITE FLOW MASTER FLOW;116;2;3
96;D0009;COMPOSITE FOTO. JER. X 4GRS.;397;2;3
97;A1002;COMPOSITE HELIOSIT ORTHOD.C/U;263;2;3
98;A1073;COMPOSITE JER. ROK;262;2;3
99;B1053;COMPOSITE SUREFIL X 5;41;2;3
100;A1038;DURATEMP;488;7;3
101;D0300;ENFORCE CORE KIT;94;7;3
102;B1047;ESTHET-X JERINGA REP.;89;7;3
103;D0001;HIDROX. DE CALCIO FOTO.BIOCAL;434;7;3
104;A0339;IONO. DENSELL AUTOCURADO IYII;103;4;3
105;A0327;IONO. KETAC MOLAR ESPE AVIO;364;4;3
106;B0339;IONOM. GAMMA O EGEO I Y II;403;4;3
107;B0340;IONOM. KETAC CEN 15 GR.;499;4;3
108;A0329;IONOM. MAXXION RESTAURACION;140;4;3
109;A0301;IONOM. RIVA CAPSULAS X 10 SDI;298;4;3
110;A0325;IONOM. VITREMER POLVO AZUL;436;4;3
111;A0305;IONOM. VITRO FILL Y CEM.;452;4;3
112;A0314;IONOMERO AVIO MERON P. Y LIQ.;103;4;3
113;A0482;IONOMERO DENSELL A.R.T.;261;4;3
114;A0481;IONOMERO DENSELL MP LC. REST.;148;4;3
115;B302;IONOMERO DMG LINER P/BASE;334;4;3
116;A0326;IONOMERO FUJI II FOTOCURADO;232;4;3
117;A0312;IONOMERO FUJI TIPO I CEMENTADO;438;4;3
118;A0313;IONOMERO FUJI TIPO II OBTURACI;305;4;3
119;C0339;IONOMERO GAMMA FOTO.X10 AVIO;480;4;3
120;A0315;IONOMERO IONOFIL AVIO;58;4;3
121;B0315;IONOMERO IONOFIL MOLAR AVIO;74;4;3
122;A0340;IONOMERO KETAC CEM AVIO;419;4;3
123;A0304;IONOMERO MEGA X 10 GR.;189;4;3
124;A0318;IONOMERO RIVA LUTING PLUS X25;379;4;3
125;A0317;IONOMERO SECURAFIL LC;15;4;3
126;A0316;IONOMERO VITREBOND DE FOTO.;408;4;3
127;A0321;IONOMERO VITREMER AVIO;136;4;3
128;A0309;IONOMERO VITREMER PRIMER;205;4;3
129;B0307;IONOSEAL VOCO;289;7;3
130;62;JER. FILTEX Z 350;99;5;3
131;A1061;JER.FLOW KRYSTAL X 2 GR.;367;5;3
132;A1084;JERINGA 1GR. COMP. FLUIDO WAVE;207;5;3
133;A1082;JERINGA AELITE POSTERIOR;431;5;3
134;A1079;JERINGA BRILLANT NEWLINE;306;5;3
135;A1039;JERINGA COMP. ECO-FLOW;233;5;3
136;A1015;JERINGA LLIS 4 GRS.;327;5;3
137;B1015;JERINGA OPALLIIS OPACO;26;5;3
138;A1003;JERINGA PRIMEDENT COMP.;9;5;3
139;A1000;JERINGA PRODIGY;240;5;3
140;A1069;JERINGA SUPER COOR X 5 GRS.;309;5;3
141;A1026;JERINGA TETRIC X 4 GRS.;253;5;3
142;A1046;JERINGA TPH 3;174;5;3
143;B1017;JERINGA VENTURA FLOWLUX FLUIDO;273;5;3
144;C1017;JERINGA VENTURA NANOLUX X4.5 G;189;5;3
145;D0002;KIT X 4 MASTER FILL BOND AC. A;269;7;3
146;B1045;OPACIFICADOR OPAK P/METAL-DENT;363;7;3
147;B0308;PROVICOL / Q-TEMP;179;7;3
148;D0011;RESTAURADOR DE FOTO CLIP F X1;68;7;3
149;A0343;SEALER 26;254;7;3
150;A258;SELLADOR CLINPRO 3M JERINGA;427;6;3
151;D0004;SELLADOR DE AUTO;381;6;3
152;B304;SELLADOR DENSELL AUTOCURADO;291;6;3
153;D0005;SELLADOR JER.FOT.X 2.5 GRS;59;6;3
154;B1085;SELLADOR JERIN. CONSEAL - KLEP;398;6;3
155;18;SILANO;499;7;3
156;B0325;VITREMER POLVO X 9 GR.;363;7;3
157;A1054;VTREMER LIQUIDO REPUESTO;431;7;3
158;208;ACRILICO BERA . COLOR 62-45GR;177;1;4
159;A0703;ACRILICO CRILENE X 60 GR;77;1;4
160;209;ACRILICO DURALAY PROVISORIO;450;1;4
161;A0709;ACRILICO NEWCRYL X 40 GRS C YP;113;1;4
162;170;ACRILICO SUBITON CRISTAL X200;117;1;4
163;42;ACRILICO SUBITON ROSA X 400;387;1;4
164;A0710;ACRILICO VAICEL CORONA X 100GR;491;1;4
165;169;ACRILICO VAICEL ROSA X 40;442;1;4
166;B171;CEM. FOSF. DE ZINC LIQ. PROTHO;142;2;4
167;377;CEM. FOSF. HARVARD AVIO CLINIC;307;2;4
168;376;CEM. FOSF. HARVARD AVIO NORMAL;92;2;4
169;A0506;CEM. PROV. PROVIS;264;2;4
170;279;CEM. QUIRURGICO AVIO DICKINSON;417;2;4
171;174;CEM. ZOER CARYOSAN X 85GRS.;422;2;4
172;312;CEM.GROSSMAN AVIO DICKINSON;320;2;4
173;281;CEM.QUIRURGICO LIQ.DICKINSON;29;2;4
174;A172;CEMEN. IRC OXIDO DE ZINC EUG.;271;2;4
175;A376;CEMENTO DE FOSFATO FUYI;221;2;4
176;25;CEMENTO FOSFATO DENSELL;227;2;4
177;A365;CEMENTO GROSSMAN LIQUIDO;131;2;4
178;B376;CEMENTO OXIFOSF. MASTER-DENT;46;2;4
179;B1312;CEMENTO QUIRURGICO POLVO;197;2;4
180;A379;CEMENTO TEMPORARIO 3M;266;2;4
181;172;CEMENTO ZOER S DE O. DE ZINC.;32;2;4
182;A400;DURALAY ROJO AVIO 1 OZ.;261;4;4
183;313;EUGENOL DICKINSON;197;4;4
184;B401;MONOMERO P/CUBETAS X200;305;3;4
185;A207;MONOMERO SUBITON X 60 ML;118;3;4
186;A45;MONOMERO VAICEL X 45 CC;110;3;4
187;C45;MONOMERO X 20 ML;378;3;4
188;A0702;MONOMERO X 500 SUBITON;245;3;4
189;A279;PERIOBOND;246;4;4
190;A0502;PROVISORIO 3M;47;2;4
191;406;PROVISORIO DMG;429;2;4
192;A1037;RESTAURADOR TEMP. DENSELL FOTO;125;4;4
193;D1106;ACOND.SOFT DENT EGEO;223;6;5
194;A1103;ACONDIC. DENTUFLEX AVIO;409;6;5
195;A1106;ACONDIC. DENTUSOF AVIO;203;6;5
196;229;ACTIVADOR COLTEX O DENSELL;291;1;5
197;A1155;ACTIVADOR INDURENT;138;1;5
198;A1156;ACTIVADOR LASTIC X 60ML.;312;1;5
199;80;ACTIVADOR PRECISE;11;1;5
200;A1121;ACTIVADOR VENTURA X 20ML.;499;1;5
201;B1111;ALGINATO ALGIMAX;67;2;5
202;A1115;ALGINATO CA 37 PINK BOLSA X 1;109;2;5
203;B511;ALGINATO HIDROGUM SOFT;118;2;5
204;A73;ALGINATO JELTRATE PLUS;133;2;5
205;A1111;ALGINATO KROMOPAN;221;2;5
206;A111;ALGINATO MILENIUM;102;2;5
207;755;ALGINATO SOBRE X 18 GRS. PHASE;388;2;5
208;A1172;ALGINATO VIVAL DE VIVADENT X 5;177;2;5
209;D212;CERA AZUL EN BARRA C/U;459;3;5
210;B1124;CERA BEAUTY PINK C/U;457;3;5
211;A1124;CERA VAICRIL X 200GRS.;487;3;5
212;89;COLTEX FINE S/CATALIZADOR;473;6;5
213;C310;COMBO ELITE P&P TRIAL KIT;7;6;5
214;B503;COMP. P/MODELAR X 12 LAPICES;109;6;5
215;A1130;COMP.P/MOD.PLANCHAS- LAPIZ HAR;7;6;5
216;213;COMPUESTO BERA PLANCHAS ROJAS;245;6;5
217;B1129;COMPUESTO VERDE LAPIZ C/U;80;6;5
218;B506;ELITE REG./FLUIDA X 180 POMO;22;6;5
219;A1128;HYDROXTREME PUTTY SOFT;356;6;5
220;A1114;INDIVIDO LUX C/SOBRE;336;6;5
221;A1363;JERINGA DESC. P/SILICONAS;84;6;5
222;B1168;PANASIL INITIAL CARTUCHO 2;108;6;5
223;83;PASTA COLTOFLAX X 1000 GRS.;345;6;5
224;A1161;PASTA ELITE HD LIGHT X 96ML FL;45;4;5
225;A1162;PASTA ELITE P&PMASA PUTTY NORM;374;4;5
226;78;PASTA FLUIDA PRECISE;29;4;5
227;A1152;PASTA FLUIDA THIXOFLEX;205;4;5
228;A1120;PASTA FLUIDA VENTURA;420;4;5
229;A1158;PASTA LASTIC 90 X 155;484;4;5
230;79;PASTA MASA PRECESI X 750 GRS;402;4;5
231;A1112;PASTA MASA ZETALABOR X 2.6 KG.;378;4;5
232;A1154;PASTA MASA ZETAPLUS X 900 ML.;30;4;5
233;A1153;PASTA ORANWASH FLUIDA;222;4;5
234;A1168;PASTA PANASIL INITIAL POMO;189;4;5
235;88;PASTA PANASIL PUTTY GDE X900;94;4;5
236;A1157;PASTA PUTTY LASTIC X 582 ML.;278;4;5
237;A1167;PASTA PUTTY PANASIL;153;4;5
238;A1147;PASTA VENTURA IMPRESS P(MASA);318;4;5
239;B1112;PASTA ZETALABOR X 900GRS;338;4;5
240;B1101;PIEDRA POMEZ X 1;195;6;5
241;A1149;PISTOLA ZERMACK;70;6;5
242;B1130;PLACA BASE X 10;31;6;5
243;B1103;RESIL AVIO P/REBASADO;264;6;5
244;B0505;SPEEDEX FLUIDA X 120 ML.;216;6;5
245;B0504;SPEEDEX MASA X 1 KG.;187;6;5
246;A1126;YESO DE IMPRESION XANTANO;177;5;5
247;C500;YESO DENSITA C/RESINA;183;5;5
248;393;YESO DENSITA VEL-MIX 1KG.;168;5;5
249;B393;YESO ELITE STONE 1 K. TIPO 4;474;5;5
250;B1126;YESO IMP. XANTANO;122;5;5
251;A1113;YESO TALLER;101;5;5
252;A1552;ARCO DE YOUNG PORTA GOMA DIGUE;51;11;6
253;A0855;AVIO MANUAL PROTAPER;114;11;6
254;B0831;C+FILE CATETERIZACION SURTIDO;186;11;6
255;412;CAJITA MINIENDO PARA LIMAS;275;11;6
256;B608;CEMENTO DE GROSSMAN DENSELL;49;11;6
257;A1422;CLAMP KERR HAWE C/U;173;11;6
258;B604;CLAMPS ECO.;86;11;6
259;B605;CLAMPS HU-FRIEDY C/U;131;11;6
260;A0853;CONDENSADOR BOER 1-4 MAILLEFER;0;11;6
261;B0602;CONOS ACCESORIOS DMG;111;1;6
262;317;CONOS DE GUTA MAILLEFER;378;1;6
263;185;CONOS DE GUTA SURE-ENDO/META;243;1;6
264;B0601;CONOS DE PAPEL DMG;378;1;6
265;A086;CONOS DENTSPLY;455;1;6
266;B086;CONOS GUTA PROTAPER;286;1;6
267;A0826;CU¥AS ELASTICAS;276;2;6
268;B0820;CU¥AS TRANSPARENTES;185;2;6
269;A0820;CU¥ITAS DE MADERA DMG X 100;123;2;6
270;A0601;DENTIN CONDITIONER;427;11;6
271;B296;DEVITEX X 15 GR;398;11;6
272;236;DOSARSEN X 40 DICKINSON;134;11;6
273;39;DYCAL AUTOCURADO;130;11;6
274;124;EDTAC DICKINSON;184;11;6
275;291;ENDOPREP DENSELL;462;11;6
276;A0817;ENSAN. DE LARGO MAILLEFER C/U;4;11;6
277;A0835;ENSCH. DE LARGO O GATES C/U;212;11;6
278;B609;ESCAREADOR KERR;406;3;6
279;314;ESCAREADORES X 6 - 7/12 - 25 M;109;3;6
280;A0819;ESPACIADOR DIGITAL FINGER X 6;366;4;6
281;B602;ESPACIADOR Y ATACADOR DIGITAL;292;4;6
282;A0848;ESPACIDOR NIQUEL TITANIO MAILL;331;4;6
283;272;ESPIGA DE TITANIO FLEXI-FLANGE;364;11;6
284;127;EUCALIPTOL DICKINSON;129;11;6
285;A0809;FIL-PIN C/U TITANIO;147;11;6
286;B271;FLEXOFILE K GOLDEN MEDIUM;64;11;6
287;B612;GUTTA CONDENSER C/U;307;11;6
288;5;H. DE SODIO X 100 DICKINSON;177;11;6
289;315;HIDROXIDO DE CALCIO AVIO DICKI;74;11;6
290;126;IODOFORMO DICKINSON;468;11;6
291;B1363;JERINGA P/IRRIG. DE CONDUCTOS;190;11;6
292;A0816;LENTULOS MAILLEFER X 4.;287;11;6
293;268;LENTULOS X 4 U. BROACH 1/4;279;11;6
294;B168;LIFE KERR HIDROXIDO DE CALCIO;318;11;6
295;267;LIMA HEDFSTRON 7/12THOMAS/KERR;495;5;6
296;B603;LIMA TRIPLE FLEX 10/35 KERR;208;5;6
297;A0845;LIMAS H UNION BROACH 1/6 O IND;215;5;6
298;A0815;LIMAS HEDSTROM 1/3-1/6 X6;67;5;6
299;A0814;LIMAS HEDSTROM MAILLEFER 7/12;73;5;6
300;A0806;LIMAS K BEUR.1/6/ HED.Y THOMAS;20;5;6
301;A0802;LIMAS K BEURTELROK 10 X 21MM;335;5;6
302;A0804;LIMAS K BEURTELROK 20 X 21MM;109;5;6
303;A0843;LIMAS K UNION BROACH 1/6 INDIV;135;5;6
304;A0844;LIMAS K UNION BROACH 7/12 -0-0;240;5;6
305;A0812;LIMAS LISAS MAILLEFER 1/3-1/6-;252;5;6
306;A0813;LIMAS MAILLEFER 7/12-0-00X6;225;5;6
307;A0842;LIMAS MAILLEFER NITIFLEX NIQ-T;456;5;6
308;A1465;MANGO P/PERNOS DENTATUS;48;6;6
309;273;MANGO PARA FIL-PIN;150;6;6
310;A0847;MINI ENDO KIT DENSTPLY;357;11;6
311;464;MOMITRIX P/MOMIFICANTE;12;11;6
312;282;P.M.C.F.ALCANFORADO DICKINSON;214;11;6
313;131;PARAPOST FIBER LUX C/U T;428;11;6
314;A0822;PASTA ENDOFORM;129;7;6
315;296;PASTA LENT.REABS.DICKINSON;340;7;6
316;A2208;PERFORADOR GOMA DIQUE PAKISTAN;11;11;6
317;B610;PERNO MU¥ON C/U;315;8;6
318;A602;PERNOS DAVIS;369;8;6
319;A0829;PERNOS DENTATUS X 12;327;8;6
320;A0865;PERNOS TENAX TITANIO C/U;25;8;6
321;B0805;POSTES FILPOST - FRESA;180;9;6
322;C0805;POSTES FILPOST C/U TITANIO;394;9;6
323;B0865;POSTES FORM AR;318;9;6
324;B0812;PROTAPER STARTER KIT 025;244;11;6
325;B1803;REGLA MILIMETRADA DIA-GP GAUGE;221;11;6
326;A1803;REGLITA MILIMETRADA DE ACERO;26;11;6
327;B131;TALADRO PARAPOST 1.14 1.25;211;11;6
328;A0825;TIRANERVIOS MAILLEFER;114;10;6
329;269;TIRANERVIOS U.BROACH MOYCO X 1;482;10;6
330;B0827;TOPES DE GOMA C/DISP. MAILLEFE;390;11;6
331;A0852;TORNILLOS DENTATUS TITANIO C/U;152;11;6
332;152;XILOL DICKINSON;422;11;6
333;96;CAJA DE RX OCLUSAL KODAK;169;4;7
334;A157;CLIPS P/RX SHARPYS;153;4;7
335;157;CLIPS P/RX.;17;4;7
336;90;FIJADOR ROMEK;299;3;7
337;A1200;PARRILLA X 14 P/ RADIOGRAFIA;212;4;7
338;A1206;PORTA PELICULAS DOBLES;484;1;7
339;A1208;PORTA PELICULAS PLASTICAS;353;1;7
340;A1207;PORTA PELICULAS SERIADAS;185;1;7
341;B702;PORTA PELICULAS SERIADAS;438;1;7
342;A702;PORTA PELICULAS TRANSPARENTE;495;1;7
343;C702;PORTA PELICULAS X 14;232;1;7
344;94;RADIOGRAFIAS KODAK DOBLES;46;2;7
345;95;RADIOGRAFIAS KODAK NI¥OS;28;2;7
346;91;REVELADOR RADIOGRAFICO ROMEK;152;3;7
347;C93;RX KODAK X 150 *E* SPEED;167;2;7
348;P93;RX PANORAMICA X 100;387;2;7
349;A1203;RX SUELTAS -DOBLES-;258;2;7
350;A1405;AGUJAS SUTURA X 10;363;23;8
351;B2204;ALGODONERO DE ACRILICO;486;23;8
352;A1564;APLICADOR DYCAL;406;23;8
353;B809;APLICADORES X 25;196;23;8
354;A1426;AROS DE COBRE IMPORTADOS C/U;302;23;8
355;A1519;ATACADOR DOBLE HELIOMOLAR COMP;275;1;8
356;A1829;ATACADOR MARKLEY LM;215;1;8
357;C1820;ATACADOR P/ COMP. FOTOPLUS AVI;136;1;8
358;B806;ATACADOR P/COMPOSITE N¥ 1 Y 2;151;1;8
359;A1572;ATACADORES DE GUTA X 4;441;1;8
360;741;BANDEJA PLASTICA COLOR;422;2;8
361;422;BANDEJAS LISAS Y ACANALADAS;219;2;8
362;A422;BANDEJAS P/APOYO DE INST.;434;2;8
363;A1576;BRU¥IDOR;209;23;8
364;B0007;CAJA ACERO 17 X 7 X 3;426;3;8
365;B0006;CAJA ACERO 25 X 12 X 6;99;3;8
366;B0005;CAJA DE ACERO 20 X 10 X 4;348;3;8
367;C422;CAJA DE ALUMINIO NICHROMINOX;318;3;8
368;C0007;CAJA PERF. 17X7X3CM.;176;3;8
369;446;CALIBRE IWASSON;422;23;8
370;A0863;CANISTER INSTRUMENT;85;23;8
371;A1805;CEPILLOS COPA IMPORTADO C/U;76;23;8
372;I0003;CINCEL P/IMPLANTES;373;23;8
373;B1578;CONTENEDOR P/ AMALGAMA;43;23;8
374;A1528;CUBETAS PERFORADAS MET.PLAS.;122;4;8
375;B1528;CUBETAS POLYBITE ARCO TOTAL;465;4;8
376;D1528;CUBETAS TRANSPARENTES;417;4;8
377;A1565;CUCHARITAS DE BLACK C/U;306;23;8
378;A0803;CUCHILLO PARA YESO;165;23;8
379;A1498;CURETA GRACEY 7/8 11/12 13/14;125;5;8
380;B1498;CURETA GRACEY COLOR;319;5;8
381;A1570;CURETA GRACEY ZEFFIRO;371;5;8
382;A1862;CURETA IMP6345-71 HU-FRIEDY;84;5;8
383;A1863;CURETA IMP6577SC HU-FRIEDY;53;5;8
384;B812;CURETA SHARPYS;35;5;8
385;MO120;CURETAS LUCAS P/ HUESO;71;5;8
386;A1566;CURETAS MOLT BELKYS;135;5;8
387;I0010;DESTORNILLADORES P/ TOR. TITAN;115;23;8
388;B1702;ELEV. BELKIS RECTO Y WINTER;60;23;8
389;A1511;EMPACADOR HILO ULTRADENT;224;23;8
390;A1569;ESP. LADO FRENTE WOODSON;410;6;8
391;A1820;ESPA. ESTHETIC O CONTAC AVIO;232;6;8
392;A1568;ESPACIADORES RECTOS Y CURVOS;375;6;8
393;B1529;ESPATULA P/COMPOSITE NAC.;166;7;8
394;B801;ESPATULA P/YESO PLASTICA;452;7;8
395;A1515;ESPATULA PARA CEMENTO DOBLE;332;7;8
396;A1516;ESPATULA PARA CERA CHICA;134;7;8
397;A1584;ESPATULA PARA CERA DMG;8;7;8
398;C1515;ESPATULA PARA IONOMERO;367;7;8
399;A1517;ESPATULA PARA YESO;58;7;8
400;B1820;ESPATULA ZINQUENOLICA;6;7;8
401;A1522;ESPEJO ESPADA C/AUMENTO;139;8;8
402;A1597;ESPEJOS NOVADENT;482;8;8
403;A1479;EXCAVADOR 65/66 HU-FRIEDY;348;9;8
404;B1479;EXCAVADOR BELKYS;31;9;8
405;I0004;EXPANSOR/COMPACTADOR P/IMPLANT;92;23;8
406;A1580;EXPLORADOR COLOR Y N¥ 23;432;10;8
407;B1826;EXPLORADOR P/ ODONTOPEDIATRIA;56;10;8
408;A1534;EXTRACTOR DE PUENTE A PESA;310;11;8
409;B1534;EXTRATOR DE PESAS BELKYS;8;11;8
410;B802;FORCEPS JUEGO X 10 BELKYS;2;12;8
411;A1712;FORCEPS PAKISTAN OPACO C/U;43;12;8
412;B143;FRESERO IMANTADO;294;23;8
413;A1530;INSTRUMENTOS PREMIUN;215;23;8
414;MO437;INTRUMENTO ROMEROWSKY;140;23;8
415;A1557;JERINGA CARPULE CROMADA;289;13;8
416;B1557;JERINGA CARPULE AUTO ASPIRANTE;473;13;8
417;C1529;KIT COMPOROLLER PARA COMPOSITE;449;23;8
418;A0801;LAMPARA DE ALCOHOL DE VIDRIO;364;23;8
419;97;LIMA P/HUESO AESCULAP;259;14;8
420;MO338;LIMA P/HUESO NACIONAL;390;14;8
421;C100;MANGO CON PUNTAS MORSE;332;15;8
422;A1535;MANGO P/ BISTURI N¥ 3 NACIO;195;15;8
423;A1573;MANGO P/ESP.OCTOGONAL SAGIMA;274;15;8
424;A1827;MANGO PARA ESPEJOS LM;379;15;8
425;B803;MANGOS P/ESPEJOS ANODIZADOS;434;15;8
426;A1594;MANGOS P/ESPEJOS COLOR ALUMINO;56;15;8
427;A1595;MANGOS P/ESPEJOS NOVADENT;490;15;8
428;C0801;MECHAS P/LAMPARA;130;23;8
429;A1451;MORTERO;260;23;8
430;A1495;OBTURADOR INST. MOD.HU-FRIEDY;118;16;8
431;MO380;OBTURADOR P/AMALGAMA CHICO;405;16;8
432;B1495;OBTURADORES P/AMALG. DOBLE;205;16;8
433;271;OPTRA SCULP REP. X 12;38;23;8
434;A741;ORGANIZADORES PLASTICOS;406;23;8
435;I0009;OSTEOTOMO REMOBIBLE;114;17;8
436;I0008;OSTEOTOMO X 6;347;17;8
437;A1408;PERIOSTOTOMO NOVADENT;317;23;8
438;A1450;PILON;102;23;8
439;A1558;PINZA GUBIA P/HUESO;354;18;8
440;722;PINZA KOCHER BELKYS;110;18;8
441;416;PINZA PARA ALGODON;127;18;8
442;B1540;PINZA PORTA AGUJA CASTROVIEJO;152;18;8
443;B804;PINZA PORTA CONOS;11;18;8
444;420;PINZA PORTA PAPEL ARTICULAR;132;18;8
445;A1540;PORTA AGUJAS;84;19;8
446;414;PORTA AMALGAMA BELKYS;263;19;8
447;A414;PORTA AMALGAMA DOBLE;383;19;8
448;B414;PORTA AMALGAMA MAQUIRA PLASTIC;48;19;8
449;A1554;PORTA MATRIZ SAGIMA;259;19;8
450;A0818;PORTA VASOS DAPPEN ACERO INOX.;443;19;8
451;100;PUNTA MORSE;140;23;8
452;A722;SEPARADOR DE FARABEUT;441;23;8
453;417;SINDESMOTOMO RECTO Y CURVO C/U;440;23;8
454;I0002;SONDA P/IMPLANTES;412;23;8
455;A1571;TALLADOR DE FRANK DOBLE;116;20;8
456;MO520;TALLADOR HALLEMBACK;340;20;8
457;A1586;TALLADOR LE CRON;465;20;8
458;B1586;TALLADOR PARA CERA;288;20;8
459;C0003;TAMBOR 12 X 10CM.;469;21;8
460;B0002;TAMBOR DE ACERO INOX. 16X12;159;21;8
461;A418;TAZA FLEXIBLE AUTOLIMP.;358;23;8
462;B1523;TIJERA CASTROVIEJO;430;22;8
463;A1807;TIJERA LITTAUER BELKYS;357;22;8
464;A1523;TIJERA P/ ENCIA D.M.G CURVA;29;22;8
465;A1822;TIJERA P/ENCIAS MARTIN IMPORTA;107;22;8
466;A1806;TIJERA PARA METAL CURVA;475;22;8
467;A1544;VASO CRUZ ROJA PLASTICO;492;23;8
468;C1599;ZEKRYA JET BURS;184;23;8
469;B1789;ACOPLES P/TURBINA;243;12;9
470;B1768;ACQUAFIT DUCHA PERSONAL;449;12;9
471;B0909;ALACENA;382;12;9
472;C1725;AUTOCLAVE FICOINOX 13.5 LT;39;12;9
473;A0900;BOMBA DE VACIO STARBAC;236;12;9
474;A1770;BULBO PARA SPECTRUM;475;12;9
475;B0919;CAJ.RODANTE/MOD.COMPU/FICHERO;5;12;9
476;E1789;CAVITADOR EVO TORQUE;13;12;9
477;E1703;COMPRESOR 1.5 HP.;482;1;9
478;A1703;COMPRESOR AT 1 HP.;469;1;9
479;C1703;COMPRESOR NARDI & HERRERO;0;1;9
480;A907;CONTRA ANGULO DENTFLEX;464;2;9
481;D1714;CONTRA ANGULO GNATUS;202;2;9
482;B1781;CONTRA ANGULO STRONG 1:1;331;2;9
483;A1780;CONTRANGULO GACELA SEDNA .;0;2;9
484;B1719;CONTRANGULO KAVO;419;2;9
485;B1707;DELANTAL PLOMADO C/CUELLO;347;12;9
486;A1758;ELECTROBISTURI PERFECT;421;12;9
487;A1701;ELEVADOR TENSION COMPRESOR;167;12;9
488;E1725;ESTERILIZADORA AUT. FAETA-EGEO;341;3;9
489;A1751;ESTERILIZADORA CUARZO DRILLCO;101;3;9
490;I1725;ESTERILIZADORA EGEO MINI;71;3;9
491;D1725;ESTERILIZADORA FAETA 6 BAND.;179;3;9
492;A1711;GABINETE P/REVELADO EGEO;393;4;9
493;A1734;GABINETE P/REVELAR PINTADO;156;4;9
494;B1746;GABINETE REVELADO ACERO;453;4;9
495;A1717;INSERTO PARA CAVIRADOR;69;12;9
496;A1726;JERINGA TRIPLE NAC. METALICA;478;12;9
497;A1472;JET PLUS APARATO BICARBONATO;148;12;9
498;A1767;JUEGO DE FORCEPS ALEMAN X 10;39;12;9
499;A1772;KIT DE BANDEJA AUXILIAR;441;12;9
500;A1792;KIT GACELA T-C-M-ACEITE-ACOPLE;70;12;9
501;A1714;KIT GNATUS TURBINA- CONTRAANGU;159;12;9
502;B1743;LAMPARA 3M ELIPAR 2500;135;5;9
503;B1754;LAMPARA BLUEPHASE LED;253;5;9
504;A1790;LAMPARA LED INALAMB. M.60 TPC;29;5;9
505;A910;LAMPARA LITEX HALOGENA;26;5;9
506;A1756;LAMPARA NOVALIGHT C/LED;374;5;9
507;F1744;LAMPARA SOL LIGHT MOD. 800B;383;5;9
508;A1743;LAMPARA SOLBECH MOD. 800 B;125;5;9
509;C1769;LAVADORA IOI;231;6;9
510;B1769;LAVADORA ULTRASONICA 700CC.;353;6;9
511;B1701;LUPAS GALILEO C/ LUZ;133;12;9
512;B911;MICRO BLUE ROCKET ENDO 2000;124;12;9
513;B910;MICRO.ELECT.BLUE ROCKET BR3000;236;12;9
514;B1787;MICROARENADOR;403;12;9
515;A900;MICRODRILL DRILLCO;229;12;9
516;A1781;MICROMOTOR DRILLCO M2 H35;168;7;9
517;A917;MICROMOTOR HAKUSUI;141;7;9
518;B912;MICROMOTOR M1 C/PIEZA DE MANO;382;7;9
519;B0901;MOD.DOS CUERPOS C/MULT.SIMPLE;382;8;9
520;C0919;MODULO DE 2 CUERPOS C/HUECO;308;8;9
521;B0912;MULTIF.SIMPLE;93;12;9
522;B0916;NEGATOSCOPIO CHAPA;19;12;9
523;132;PERILLA DE BAQUELITA;179;12;9
524;A1713;PIEZA DE MANO RECTA W&H;89;12;9
525;A1437;PINZA DE 2.3MM. DRILLCO P/TORN;139;12;9
526;B1772;PROPHY JET TPC;422;12;9
527;A1791;PUNTAS P/CAVITADOR NSK ULTRASO;150;12;9
528;B1753;RECORTADORA DE YESO C/BISAGRA;251;12;9
529;B920;RETEN DE DOS/TRES VIAS;143;12;9
530;A1550;SACAFRESAS GACELA-KMD;303;9;9
531;B1550;SACAFRESAS KAVO;183;9;9
532;A1753;TERMOFORMADORA SABILEX-EGEO;122;12;9
533;B1735;TORNO 1/8 COLG. ECO;262;10;9
534;A1771;TORNO DE MANO DRILLER;94;10;9
535;B1700;TURBINA DOCHEM PUSH BOTON;415;11;9
536;C1759;TURBINA EVO DELTA BUTTON;56;11;9
537;B1759;TURBINA EVO TORQUE BUTTON;264;11;9
538;C1761;TURBINA GACELA EVO MINI;78;11;9
539;B1742;TURBINA GACELA EVO QUARTZ;105;11;9
540;A1789;TURBINA GACELA EVO TORQUE;166;11;9
541;C1714;TURBINA GNATUS;174;11;9
542;A1759;TURBINA KAVO UNIK;232;11;9
543;B1761;TURBINA KMD MAXTORQUE;152;11;9
544;A1786;TURBINA NSK PANA-MAX;300;11;9
545;A1742;TURBINA TE-97 LED ALEGRA;86;11;9
546;A915;VIBRADOR DE YESO CHICO;381;12;9
547;A1768;WATER PICK DUCHA BUCAL;225;12;9
548;C1840;ADAPTADOR ALPHA F.G.;266;6;10
549;A1030;ADHESIVO DENSELL;435;6;10
550;A1076;AVIO COMPOSITE OPTIMIZE X 8 U.;388;6;10
551;356;CEPILLO BROCHA C/A IMPORTADO;422;1;10
552;C224;CEPILLO GAMUZA GENERO;88;1;10
553;B200;CEPILLO GUM X 4 UN.;457;1;10
554;204;CEPILLO LIMPIA FRESAS;429;1;10
555;C225;CEPILLO PELO DE CABRA;362;1;10
556;203;CEPILLOS GAMUZA/GENERO P/TORNO;474;1;10
557;B1804;DISCO SIERRA 1/4;43;2;10
558;B1009;DISCOS C/U/ P/ COMP.SUPERFIX;367;2;10
559;A1409;DISCOS CARBORUNDUM MOYCO 7/8;418;2;10
560;C1804;DISCOS DE ACERO C/U;268;2;10
561;A1804;DISCOS DE ACERO X 12 7/8 ALEM;14;2;10
562;A1441;DISCOS DE PAPEL X 10;106;2;10
563;B1001;DISCOS HAWE X 10 MINI FLEX;297;2;10
564;C1409;DISCOS IRROMP.;186;2;10
565;35;DISCOS P/PULIR COMP. X 40;468;2;10
566;A1454;DISCOS SOF-LEX POPON-XT X 30;182;2;10
567;C1009;DISCOS SUPERSNAP SHOFU AVIO;336;2;10
568;D1009;DISCOS SUPERSNAP SHOFU C/U;340;2;10
569;B223;FLAMEADOR DE PLASTICO;378;6;10
570;A1818;FRESA DE CARBURO DE 34MM. P/CA;283;3;10
571;A1841;FRESA JET BURS P/IMPLANTE P.M.;427;3;10
572;B1599;FRESA LN CA 006;130;3;10
573;B1582;FRESA TRANSMETAL MAILLEFER;109;3;10
574;A1599;FRESA ZEKRYA MAILLEFER-ENDOZ;452;3;10
575;B1840;FRESAS CIRUGIA DZ;365;3;10
576;A1840;FRESAS DE CARBURO DENSELL FG;276;3;10
577;A1589;FRESAS DOCE FILOS I SERIE;306;3;10
578;A1802;FRESAS JOTA P/TURBINA Y CONTRA;236;3;10
579;A1815;FRESAS MEISINGER P/C;207;3;10
580;A1541;FRESAS P/CIRUGIA LARGAS;442;3;10
581;A1582;FRESAS P/CORTAR METAL;447;3;10
582;A159;FRESAS P/CORTAR METAL MICROD.;190;3;10
583;B1592;FRESERO PLASTICO P/24 FRESAS;107;3;10
584;218;FRESON DE ACERO PIMPOLLO;110;3;10
585;B218;FRESON DE CARBURO DC;63;3;10
586;A2106;FRESONES 41P AL 33C Y 61A;434;3;10
587;A2105;FRESONES 84T AL 88A 84TG- 63BG;440;3;10
588;A2103;FRESONES 84TSP 88ASP;49;3;10
589;A2101;FRESONES D2 AL D8;123;3;10
590;C218;FRESONES DE ACERO FINOS C/U;145;3;10
591;C368;GOMA P/ PULIR ACRILICO DOCHEM;70;6;10
592;B1433;GOMAS C/SIRCONIO;24;6;10
593;B356;HILO DENTAL;396;6;10
594;221;MANDRILES C/A Y PM C/U IMPOR.;123;6;10
595;A2110;PERNOS DOWEL PIN MAIN STAY C/U;326;6;10
596;C1101;PIEDRA P/AFILAR TIBET;106;4;10
597;A1553;PIEDRAS DE ARKANSAS FG LLAMA/C;346;4;10
598;A1592;PIEDRAS DE DIAMANTE;266;4;10
599;A1816;PIEDRAS HORICO CLASE 4 RUEDAS;33;4;10
600;A1811;PIEDRAS HORICO CLASE I;491;4;10
601;A1812;PIEDRAS HORICO CLASE II;54;4;10
602;A1810;PIEDRAS HORICO FORMAS K;373;4;10
603;B368;PIEDRAS P/ PORCELANA FLEXILLIU;370;4;10
604;B100;PIEDRAS P/COMPOSITE;325;4;10
605;368;PIEDRAS P/PROTESIS;114;4;10
606;A368;PULIDOR MARRON P/ACRILICO;303;5;10
607;A1512;PULIDORES EVE COMPOSITE P/C.;267;5;10
608;B1512;PULIDORES KENDA C/U;477;5;10
609;C1512;PULIDORES P/ COMP. MANDRIL PLA;100;5;10
610;A1624;AMBO BLANCO COLOR;323;1;11
611;A1631;AMBO ECONOMICO CIRUGIA;7;1;11
612;A1632;AMBOS CELTA- ARCIEL;222;1;11
613;A1602;BLOCK FICHA DE USO PRIVADO;423;4;11
614;A1615;BONO AMARILLO SIST. CAPITADO;55;4;11
615;C243;CHAQUETA 243 C/CIERRE Y VIVOS;151;2;11
616;C249;CHAQUETA ARCIEL 249C/ BRODERI;121;2;11
617;C290;CHAQUETA BLANCA Y COLOR;363;2;11
618;A1630;CHAQUETA BROCHES;391;2;11
619;C488;CHAQUETA COMBINADA HOMBRE;91;2;11
620;A1622;CHAQUETA DAMA BLANCA;449;2;11
621;A1628;CHAQUETA DENTAL BAS;272;2;11
622;A1629;CHAQUETA ESTUDIANTIL;196;2;11
623;A1625;CHAQUETA HOMBRE BLANCA;316;2;11
624;A1627;CHAQUETA HOMBRE COLOR;8;2;11
625;A1609;FICHAS DE PREVENCION;284;4;11
626;A1601;FICHAS VERDES X 100;47;4;11
627;A1610;FORMULARIO DE ORTODONCIA;15;4;11
628;A1608;ORDENES DE RX.;303;4;11
629;C253;PANTALON CAPRI BLCO/N. 253;443;3;11
630;A1626;PANTALON COLOR HOMBRE;449;3;11
631;A1613;PERIODONCIA IOMA.;206;4;11
632;A1477;POSTERS O LAMINAS PREVENCION;230;4;11
633;A1607;RECETARIO;6;4;11
634;A1604;RESUMEN COMPUTACION;338;4;11
635;A120;ALCOHOL GEL X 1 LT.;384;4;12
636;A1339;BARRERA GINGIVAL OPALDAM X JER;117;4;12
637;A135;BLANQUEADOR POLANIGTH C/JER;79;4;12
638;C0904;BUCHES NAF;10;4;12
639;B1202;BUCHEX FORTE X 200 ML.;53;4;12
640;A1344;DECIDENT-SOBRE DESINF.P/TURB.;78;4;12
641;581;DESENSIBILIZANTE GEL DENSELL;369;4;12
642;A1307;DESIN. BACTER-BUR P/FRESAS;165;1;12
643;A1305;DESIN. MADACIDE 1 GALON OFERTA;134;1;12
644;A1321;DESIN. NOVACID P/FRESAS;170;1;12
645;A1309;DESIN. P/MANOS BIOCIDA X 500 M;28;1;12
646;24;DESIN. PARA ESPONJERO DICKINSO;399;1;12
647;A1324;DESIN.LIM.ENZI.1 L. DENSELL;221;1;12
648;A1343;DESINF. BIO-UC38 CONC. P/LAV.;288;1;12
649;A1358;DESINF. GLUTARCOAT A.S.;12;1;12
650;B1324;DESINF. LIMPIADOR X500 DENSELL;78;1;12
651;A121;DESINFECTANTE PROCIDE SPRAY;370;1;12
652;A1348;DET. ENZIMATICO X 1 LT.;406;2;12
653;B1301;DETECTOR DE CARIES;228;2;12
654;B1205;FLUORDENT SEMANAL COLUT. X 200;162;3;12
655;A0904;FLUORGEL NAF;128;3;12
656;A1316;FLUOROPLAT CARIOSTATICO;59;3;12
657;288;FORMALINA X 25 DICKINSON;281;4;12
658;409;FORMALINA X 50 DICKINSON;171;4;12
659;300;GASA IODOFORMADA DICKINSON;153;4;12
660;C1340;GERMIKILL GEL;497;4;12
661;A1323;HEMOSTATICO X 5 UN.;186;4;12
662;B1304;HILO P/RETRACCION GINGIVAL;326;4;12
663;A1445;INDICADOR DE CARIES KLEPP;105;2;12
664;C1350;JABON LIQUIDO BACTI BUSTER;423;4;12
665;A1434;LEVERFRESH DISPENSER;0;4;12
666;D1304;LIMPIADOR CAVIT;291;4;12
667;201;MANTAS P/ CERAMICAS;93;4;12
668;A26;NAFRESIM-P/SENSIBILIDAD;399;4;12
669;A1347;OPALEC. AMBULATORIO C/JER.;220;4;12
670;C142;OPALUSTRE P/MIC.ABRASION C/J;401;4;12
671;21;PASTA DE LIMPIEZA DENT BRILL;254;3;12
672;B123;PASTA DE PULIDO DIAM.ULTRADENT;380;3;12
673;C21;PASTA PARA LIMPEIZA KLEPP;86;3;12
674;B1201;PERIOBACTER AVIO BARNIZ;355;4;12
675;B1328;PERIOBACTER COLUTORIO;308;4;12
676;B1206;PLAC OUT X 200 ML.;472;4;12
677;299;QUITAMANCHAS DENTAL DICKINSON;166;3;12
678;A1328;REVELPLAC;63;4;12
679;B1207;SEBSIDENT COLUT. X 250 ML.;139;4;12
680;B1208;SENSIDENT PASTA DENTAL X 90GR.;383;4;12
681;151;SOLUC. HEMOS.GINGIVA X10 ML.;339;4;12
682;454;VASELINA SOLIDA;265;4;12
683;A1446;ABRE BOCA SPANDEX;310;1;13
684;A1448;ABREBOCA ARCFLEX FGM;265;1;13
685;C1446;ABREBOCA MAQUIRA;225;1;13
686;D1446;ABREBOCAS;212;1;13
687;F1446;ABREBOCAS OPEN-EX;466;1;13
688;215;ACEITE LUBR. KMD/GACELA SPRAY;378;14;13
689;B139;ALAMBRE DE LIGADURA;376;14;13
690;B1012;ANALOGOS BRONCE;206;14;13
691;423;ANILLOS IDENTIFICADORES X20;480;14;13
692;C1506;ANILLOS UNIMATRIX;446;14;13
693;A222;ARCOS P/SIERRA;348;14;13
694;A1353;AVIO CORONITAS DE ACETATO;181;14;13
695;D141;BICARBONATO KLEPP X 40GR.;230;14;13
696;A1336;BLANQUEADOR CONTRASTAM 1 PAC;87;2;13
697;B1355;BLANQUEADOR LASE PEROXIDE 35%;173;2;13
698;A1355;BLANQUEADOR POLA P/1 PACIENTE;67;2;13
699;B1336;BLANQUEADOR WHITEGOLD OFFICE;69;2;13
700;149;BUCAL BABY DOSIS CHUPETE C/D;284;3;13
701;C1318;BUCAL TAC BIO-CLEAN ADULTOS;132;3;13
702;C1310;BUCAL TAC CEPILLO UNIPENACHO;253;3;13
703;C1331;BUCAL TAC ENHEBRADOR P/ HILO;152;3;13
704;C1317;BUCAL TAC MANGO INTER.+ 2 REP.;264;3;13
705;C1323;BUCAL TAC MINT PALILLOS INT.;141;3;13
706;C1327;BUCAL TAC MINT PALILLOS X 100;209;3;13
707;C1326;BUCAL TAC PALILLOS COMBO X100;310;3;13
708;C1314;BUCAL TAC PERIO STICKS;338;3;13
709;C1307;BUCAL TAC- CEPILLO EVOLUTION;416;3;13
710;C1303;BUCAL TAC- CEPILLOS FLEXI-GRIP;286;3;13
711;C1304;BUCAL TAC- CINTA E HILO;182;3;13
712;C1306;BUCAL TAC-CEPILLO CLASIC;189;3;13
713;C1301;BUCAL TAC-CEPILLOS;330;3;13
714;C1305;BUCAL TAC-ORKET FLOSS;456;3;13
715;A240;CAPSULA DE PETRI;89;14;13
716;C1329;CEPILLO ORAL-B VITALITY;324;4;13
717;B1309;CEPILLO SANIFILL 26-39-47-KIDS;77;4;13
718;C1309;CEPILLOS INTERDENTALES SANIFIL;358;4;13
719;B1350;CLEAR VISION;401;14;13
720;D1350;CLEAR VISION REPUESTO;468;14;13
721;A1418;CORONITAS ACETATO INDIVIDUALES;16;5;13
722;A1402;CORONITAS DE POLICARBOXYLATO;295;5;13
723;A1414;CORONITAS FRASACO;294;5;13
724;C1302;CREMA DENTAL HEXIBEN;132;14;13
725;A1327;CREMA PARA MANOS BACTI BUSTER;467;14;13
726;P241;CUBETA IND. CELESTE .125;318;6;13
727;P242;CUBETA IND. CELESTE .150;72;6;13
728;50;CUBETAS P/TOPICACION EE.UU X 1;184;6;13
729;C1392;DADOS PORTA CEPILLO DENTAL;58;14;13
730;A1390;DENTADURAS SALTEADORAS;434;14;13
731;B122;DESINF. KLEPP P/INSTRUMENTAL;145;14;13
732;C1315;DESODORANTE BUCAL SPRAY;275;14;13
733;426;DETERGENTE ENZ.ANIOSYME;305;14;13
734;C1402;DIENTES BIOTONE/BIOCRIL;300;7;13
735;B1402;DIENTES SUPERLUX;264;7;13
736;B224;DIPLOMAS DEL BUEN PACIENTE;408;14;13
737;A1421;DISPENSADOR P/ROLLO ALGODON;11;14;13
738;A1507;ENDOFROST SPRAY ROEKONSEN AVIO;374;14;13
739;A1821;ESPEJO MUELA;216;14;13
740;C141;ESPONJAS REPUESTO;126;8;13
741;D142;ESPONJERO DE ACERO;392;8;13
742;A139;ESPONJERO ENDO DIADEN;184;8;13
743;A137;ESPONJERO MAILLEFER;287;8;13
744;A142;ESPONJERO VIDRIO P/ENDODONCIA;66;8;13
745;D143;FRESERO PLASTICO ECO;193;9;13
746;C143;FRESERO REDONDO P/60 FRESAS;469;9;13
747;C1592;FRESERO SUTIDO 21 PIEDRAS DIAM;415;9;13
748;B214;GAMUZA ALGADENT C/U;376;14;13
749;C1316;GEL DENTAL BUCAL TAC BLANQ.;260;14;13
750;C1313;GERMIKILL TOALLITAS INDIVIDUAL;135;14;13
751;A1447;GUIA DE COLORES CHROMASCOP;186;14;13
752;A1391;IMAN- RATON C/OREJAS Y COLA NE;297;14;13
753;10;LAPIZ TINTA FABER;352;14;13
754;A456;LENTES 3M 920 AF ANTIEMPA¥ANTE;213;10;13
755;456;LENTES P/ PROTECCION TRANS. IM;192;10;13
756;B456;LENTES TRANSPARENTE PROTECCION;185;10;13
757;C456;LENTES UVEX GENESIS S340 ANTIE;95;10;13
758;B1323;LIQUIDO RETRACTOR GINGIVAL KLE;481;14;13
759;B241;LLAVERO MUELITA CHICO;378;14;13
760;C1300;MACROMODELO;50;14;13
761;A1574;MATRICES PREFORMADAS IVORY TOF;492;11;13
762;B1506;MATRICES X 5 UNIMATRIX;261;11;13
763;A1470;MATRIZ HAWE;194;11;13
764;A1481;MATRIZ STRIPROLL HAWEX 15M.;1;11;13
765;A1318;MEMBRANA FIBRA DE VIDRIO C/RES;321;14;13
766;A1313;MI PASTE KIT X 40 GRS. GC.;72;14;13
767;B242;MUELITA P/ NI¥OS;195;14;13
768;A1392;MUELITA PELOTA PORTA CEPILLO;116;14;13
769;A0001;MU¥ECO PERRO;330;14;13
770;B219;OCLUSOR PLASTICO;31;14;13
771;A140;OPALESCENCE QUICK X 2 JER.;37;14;13
772;228;OXIDO DE ALUMINIO X 1 K.;277;14;13
773;A1424;PAPEL ART. HANEL C/HERR. AZUL;77;14;13
774;B1428;PAPEL ART. HERR. BECH HANEL;194;14;13
775;A1442;PAPEL ART. LIBRITO X 12 H.;42;14;13
776;B21;PASTA ALTO BRILLO;5;14;13
777;360;PASTA DENTAL HEXIBEN X 90 GRS.;111;14;13
778;A1310;PASTA DENTAL OPALESCENCE;274;14;13
779;A1308;PASTA PULIDO DIAMOND EXCEL;174;14;13
780;C215;PICO LUBRICADOR;9;14;13
781;C1013;PILAR RECTO;296;14;13
782;A1492;PINS P/DURALAY CAJA X 60;148;14;13
783;27;PINS STP P/RECONST. ANGULO;420;14;13
784;P236;PLACA BASE ROSA 0.60;33;12;13
785;P238;PLACA BASE ROSA 0.80;353;12;13
786;P220;PLACA MIORRELAJANTE DUAL;331;12;13
787;P119;PLACAS P/PROT. BUCAL 1.2;53;12;13
788;P119Y;PLACAS P/PROT. BUCAL COLOR;56;12;13
789;P114;PLACAS RESIL. 0.40;103;12;13
790;P215;PLACAS RESIL. P/TEMP 0.20;42;12;13
791;P118;PLACAS RESILIENTE 0.8;142;12;13
792;P226;PLACAS RIG. 060 SABILEX;30;12;13
793;P228;PLACAS RIG. 080 SABILEX;201;12;13
794;163;PORTA-FILM EMMENIX C/U;56;14;13
795;P818;PROFLEX LAMINA P/PROT. X 1;271;14;13
796;B1339;PROTECTOR GINGIVAL TOP DAM FGM;8;14;13
797;A1325;R.T.R OSEO EN FOSFATO TRICALCI;187;14;13
798;A1393;RATON TODO DE UN COLOR ECONOMI;355;14;13
799;B141;REC. DESCONT. P/FRESAS;65;14;13
800;A141;RECIPIENTE P/LIMP. C/TAPA;479;14;13
801;B1318;REDES DE NYLON C/U;393;14;13
802;36;REPLAK REV DE PLACA BACTERIANA;393;14;13
803;A1469;SIERRAS REPUESTO NEY C/U;106;14;13
804;B222;SIERRITAS REPUESTO P/ YESO;345;14;13
805;A136;SPRAY P/OCLUSION;376;14;13
806;B1013;TAPON CICATRIZAL;325;14;13
807;A1012;TEFLON PARA PROTESIS;183;14;13
808;B1370;TERMOMETRO;79;14;13
809;C1322;TOP BRUSH COVERS X4 CAPUCHONES;166;14;13
810;C1335;TOP BRUSH FLOSSERS PALILLO HIL;325;14;13
811;E1012;TORNILLO TRAB. TITANIO CUA.RED;398;14;13
812;A1013;TRANSFER CON TORNILLO .;113;14;13
813;C1012;UCLAS CALCINABLES;312;14;13
814;B240;VASO DE PRECIPITACION;328;14;13
815;240;VASOS DAPEN COLOR;117;13;13
816;A1545;VASOS DAPEN DESC.;192;13;13
817;A132;VASOS DAPEN FIXI-DAP 0;483;13;13
818;A1436;VASOS DAPPEN SILICONADO GDE.;158;13;13
819;B1306;VISCOSTAT C/U;92;14;13
820;B1303;WHITENESS HP 35% BLUE FGM.;21;14;13
821;B489;ZAPATOS HOMBRE 3035;131;14;13
822;C1489;ZAPATOS HOMBRE 3081/3482;402;14;13
823;A1350;ZOCALOS PVC X 3;480;14;13
824;B1455;ADAPTADOR DE BANDAS;83;14;14
825;C1416;ALAMBRE DE LIGADURA;265;1;14
826;B1448;ALAMBRE VARILLA REDONDO;221;1;14
827;B1419;ALAMBRE VARILLA TWIST;419;1;14
828;B1487;ALAMBRE X 50GRS. ORTOPEDIA;54;1;14
829;B1453;ALICATE CONT. ANGLE PTA. FINA;41;2;14
830;B1461;ALICATE DISA CORTE DISTAL;463;2;14
831;B1440;ALICATE HOW BELKYS;76;2;14
832;B01515;ALICATE SMOLKO CORTE DISTAL;247;2;14
833;B1438;ALICATE UNIVERSAL BELKYS;262;2;14
834;B1435;AMANBRE 1.2 MM. X 1 METRO;393;1;14
835;B1409;ARCO ACERO CUADRADO;405;3;14
836;B1408;ARCO ACERO REDONDO SUP.;185;3;14
837;B1442;ARCO C/POSTE LEONE C/U;255;3;14
838;B1437;ARCO COAXIAL BRAIDED;236;3;14
839;B1406;ARCO CURVA REVERSA REDONDO;167;3;14
840;B1410;ARCO NITI CUADRADO;260;3;14
841;B1411;ARCO NITI REDONDO;202;3;14
842;B1468;ARCO TERMO ACTIVABLE;308;3;14
843;B1472;BACKETS ONLY - ORGANIZERS;55;4;14
844;B1430;BANDAS MORELLI C/TUBO;81;5;14
845;D1430;BANDAS ONLYDENT C/T Y CAJA;245;5;14
846;C1430;BANDAS S/TUBO MORELLI;406;5;14
847;B1405;BARRA PALATINA MORELLI C/U;202;14;14
848;B1491;BOLSO PORTA ALICATE;451;14;14
849;B1423;BOTON MORELLI P/ADHERIR;34;6;14
850;B1443;BOTON P/ ADHERIR LINGUAL C/U;154;6;14
851;B1466;BOTON PARA CEMENTAR X10;91;6;14
852;B1483;BRAC. CERAM ONLYDENT X 12;241;4;14
853;B1484;BRAC. CERAM. ONLYDENT C/U;184;4;14
854;B1482;BRAC.CERAM. ONLYDENT X 6 C.A C;246;4;14
855;B1446;BRACKET C/HOOK X 10;165;4;14
856;B1470;BRACKET CERAMICO TRANSPAREGRAD;313;4;14
857;B1471;BRACKET CERAMICOS ONLY-BRACES;391;4;14
858;B1447;BRACKET DE ROTH S/HOOK X 10;235;4;14
859;B1444;BRACKET MORE/EDGEWISE X 10;128;4;14
860;B1404;BRACKET MORELLI T/EDGEWISE;5;4;14
861;B1400;BRACKET MORELLI T/ROTH EST.;298;4;14
862;B1403;BRACKET MORELLI T/ROTH MONOBLO;71;4;14
863;B1401;BRACKET MORELLI T/ROTH STANDAR;377;4;14
864;B1469;BRACKETS ROTH COMP.C/SLOT MET.;205;4;14
865;B1458;BRAQUETES ROTH ESPECIAL C/GANC;48;4;14
866;B1436;BRILLANTINA X 50 GR.;89;14;14
867;A1493;CAJA FLUORBOX P/ORTODONCIA;385;14;14
868;37;CAJA PARA BRACKETS;108;4;14
869;C1124;CERA ORTODONCIA;330;14;14
870;A1467;DISPENSADOR PELLETS VENTURA;261;14;14
871;B1452;ELASTICO CRISTAL ROLLO ORTHOTE;103;14;14
872;B1427;GOMA INTRAORAL C/BOLSITA;349;14;14
873;B1478;HILO ELASTICO TRANS.HUECO;246;14;14
874;A1301;JERINGAS DESC. P/LAVAJE;481;14;14
875;B1429;LIGADURA PARAGUITA;238;7;14
876;B1415;LIGADURA PEINE COLOR;74;7;14
877;B1456;MASCARA DELLAIRE LEONE;496;14;14
878;A1412;MATRICES PREMOL Y MOL C/U;445;14;14
879;B1481;MODULO DE ROTACION TRANS. X 10;129;14;14
880;B1771;MORDAZA P/ TORNO COLG. Y MANO;110;14;14
881;B1450;ORTHO ONE KIT TRIAL;134;14;14
882;B1463;ORTHO-ONE 15 ML. LIQUIDO;492;14;14
883;B1462;PINZA P/ BRACKETS;46;2;14
884;B1490;PINZA PORTA TUBOS;277;2;14
885;B2205;PORTA ALICATES ACRILICO;313;2;14
886;B1459;PORTA ELASTOMERO;122;14;14
887;B1432;RESORTE CERRADO DE 6-9-12MM.;464;8;14
888;B1417;RESORTE MORELLI ACERO;392;8;14
889;B1420;RESORTE MORELLI NITI;305;8;14
890;B1422;RESORTE NITI RB ORTODONTIC;250;8;14
891;B1449;SEPARADOR GOMA X100 POSTERIOR;380;9;14
892;B1477;SEPARADOR GOMAS X 10 POSTERIOR;446;9;14
893;B1416;SOLDADURA DE PLATA GDE. MORELL;54;10;14
894;B1414;SOLDADURA UNIVERSAL C/U;323;10;14
895;B1441;TORNILLO ESTANDAR A0805;450;11;14
896;B1486;TORNILLO STANDAR;308;11;14
897;B1445;TUBO P/ADHERIR ROTH X 5;318;12;14
898;B1425;TUBO SIMPLE PARA CEMENTAR;146;12;14
899;B1424;TUBO TRIPLE MORELLI SLOT 0.18;468;12;14
900;162;ZOCALO;258;13;14
901;B162;ZOCALO PLASTICO LEONE;444;13;14
